Genre,MFCC,ZCR,Spectral Centroid,Spectral Rolloff
Rock,0.15879627,59809,1996.327664393569,4227.935352015661
Rock,4.1834054,36426,1529.474960625274,3271.9227518670245
Rock,2.8690293,50934,1875.3156310172185,3929.5264578197507
Rock,4.7409253,28562,1421.4459797175741,3042.4933838457077
Rock,6.076051,27230,1345.6930613276413,2938.9907872317285
Rock,3.818377,51049,1542.1318211375358,2869.736475402407
Rock,0.12723938,57871,1676.1187569165281,3255.085885386456
Rock,2.9310734,31266,1282.165908973539,2675.7877641930104
Rock,7.6156106,56292,1717.1319766865513,3362.185676025957
Rock,1.282198,28188,1181.2313375423403,2367.1951470961426
Rock,2.7413862,47533,1857.9488683792245,4191.638665077581
Rock,1.940638,36014,1537.59067990156,3416.7514455843966
Rock,-2.3493044,45242,1863.6767997588174,3986.1156490175463
Rock,3.178289,30557,1597.5312610466278,3825.590865628625
Rock,-6.4717636,55391,1937.046639153859,3986.1489563696346
Rock,-5.421212,75648,2335.5626669025687,4500.098052766096
Rock,5.624566,94662,2459.4994227321536,5024.264179415603
Rock,3.7811782,93137,2312.16028506826,4528.650780343677
Rock,4.4610057,76734,2209.0430756402216,4593.583463239559
Rock,-1.1303376,84969,2321.18947931781,4701.482630329177
Rock,1.547522,77880,2188.143059972821,4432.584050083382
Rock,1.0081351,80556,2158.2060420913685,4245.91299530525
Rock,0.16354166,91746,2342.440835994473,4595.3987139283645
Rock,-0.81965876,76585,2294.785906674184,4847.943384298869
Rock,-0.17370315,95062,2320.3026430769382,4466.382685614849
Rock,1.9661676,104575,2510.230989913879,4735.3645342408645
Rock,4.0621195,81458,2263.1554320011815,4602.92617550029
Rock,-0.18630117,88326,2669.22560161555,5445.858736303938
Rock,3.8582406,67581,2046.7124171448247,4095.247188134426
Rock,6.2119412,73917,2445.028012751343,5173.47278993257
Rock,0.39667603,76143,2944.36059987096,6333.376345888921
Rock,-2.3142226,87784,2639.202418488209,5302.980101689385
Rock,7.312733,77801,2344.557639711626,4728.699625029819
Rock,0.2919581,49628,1673.8775736070381,3431.423334179234
Rock,7.242213,90449,2788.2505763444437,5831.991493155103
Rock,6.501367,37760,1867.0823938993342,4270.518801660382
Rock,8.247836,98364,2850.226846254986,5897.606074892241
Rock,1.7985431,96932,2626.720259282235,5047.113022948086
Rock,5.99482,93100,2794.957193727644,5862.41455078125
Rock,3.7337265,81356,2559.136373910091,5446.934477414443
Rock,3.2010226,95944,3009.95870728667,6131.200718713747
Rock,5.1306033,98322,2806.851354542389,5677.17987556192
Rock,2.5633225,91247,2794.8155285561966,5878.322974822361
Rock,2.576268,95391,2739.3914429411548,5326.586687481874
Rock,2.7038846,45655,1651.4210859526786,3455.029919971723
Rock,-4.5242434,52330,1560.999791662268,3242.912048198231
Rock,0.44042298,78331,2429.0310406215276,5035.530391259425
Rock,2.272755,103529,2997.7243180550076,5962.032677457946
Rock,0.27338907,56498,1646.2120742875447,3183.8414592698664
Rock,1.0270497,60545,2077.9426068946104,4495.809731184745
Rock,4.7724175,35336,1721.0884600743702,3811.160455336427
Rock,5.0635996,80137,3031.033547083498,6732.67320955989
Rock,-4.774525,58682,2186.622282256858,4462.710550047129
Rock,7.0451703,124290,3361.7232515596666,6920.301850710557
Rock,-7.53578,87743,2632.220428269073,5309.858069895592
Rock,2.2616208,44146,1712.3913159202511,3618.6606139428654
Rock,7.384728,117642,3303.1623095043396,6717.201944514936
Rock,3.467913,116014,3488.554942688446,7660.024833236659
Rock,-1.4229873,65594,2438.007049398,5499.143751812645
Rock,-3.1948283,57339,2424.136647569096,5643.69765987529
Rock,2.1342852,89254,2796.5121705291363,6203.0446771679235
Rock,-2.0885043,45750,2071.3773180976523,4685.844828523782
Rock,-5.1572556,71910,2947.0945067509,6984.035468931264
Rock,-5.384867,37026,1711.0402197518183,3491.6763341067285
Rock,-2.0934834,70501,2181.21508104674,4689.616886147767
Rock,2.2510405,85549,2294.1799286661003,4730.135279963022
Rock,-10.624068,71021,2209.483104262664,4575.11453650667
Rock,0.035726126,79444,2414.1524666266187,5213.025270537268
Rock,0.58029526,78384,2467.2846541733365,5402.860523763776
Rock,-7.571326,91195,2568.4195371989713,5364.440493130075
Rock,-7.5532827,92193,2511.6038995554068,5129.5154120142115
Rock,6.397498,60184,2025.1566621224267,4571.101000580046
Rock,5.808796,54139,1933.3485732197412,4359.69923687645
Rock,6.153874,72902,2223.937480185976,4917.43917443083
Rock,5.5638986,60401,2140.28934341281,4831.439591339182
Rock,3.125104,73897,2301.799132172464,5092.402694949971
Rock,3.700396,47169,1659.5793609914585,3580.1906222810326
Rock,3.833048,70393,2187.9774769670653,4993.946162177349
Rock,3.416547,47525,1878.5499522327996,4287.030921458092
Rock,1.5890064,72308,2148.4104634928817,4479.264304034948
Rock,0.7609996,99206,2606.182823508925,5339.410018035818
Rock,-3.6383064,90210,2553.527051364547,5123.411839744054
Rock,-0.35216364,121754,2975.8049828513485,5926.577001160093
Rock,2.1053085,61497,2116.2405499597653,4690.041554886891
Rock,1.3822377,92291,2581.468840079423,5390.270344674449
Rock,-7.82023,80162,2255.709363679899,4508.4748518162705
Rock,-5.6633162,96933,2521.2287252293986,4830.457024452581
Rock,4.408034,85187,2334.498686202529,4818.974314820186
Rock,-4.1392226,107162,2590.7303059709902,4889.402710810615
Rock,-0.17454764,48538,1609.7388932606373,3380.2299340197214
Rock,-0.71085775,79953,2495.723201525459,5213.208460973753
Rock,1.324751,99489,2474.2574228047565,4754.174861332656
Rock,-1.4806507,100048,2471.353262989943,4687.127161579177
Rock,-0.82643807,65142,1939.7208381111172,3748.5093260585845
Rock,-1.1303296,97178,2628.8637875540994,5085.87445394069
Rock,-1.1712903,59124,2008.1494584800153,4253.557032609484
Rock,-1.3158783,64737,2006.8433535794893,4149.338327925609
Rock,-2.0683134,80747,2077.526598273495,4031.4053210194315
Rock,-2.0308032,32292,1398.699343868879,3015.631004386601
Rock,-3.85579,50574,1609.795082324254,3246.9089304488107
Metal,5.0250483,121276,3274.488271384068,6407.968160890371
Metal,4.6951537,101272,2922.845195379586,6037.074141712587
Metal,3.6498723,85043,2198.9180063366202,4447.489090142836
Metal,5.8029556,110446,2752.2646167726643,5234.8415861550175
Metal,2.3787627,127458,3403.073174163196,6903.007008138776
Metal,1.9159807,88992,2464.4674893655315,4951.895630166038
Metal,-2.1004264,131225,3236.9253404981546,6227.983557043938
Metal,0.1752206,111537,2939.466844266447,5806.520650558295
Metal,-0.5418309,93141,2966.078583206234,6189.380335973753
Metal,11.661631,62717,2250.699842376685,5112.145627900232
Metal,2.8087149,130189,3048.820089168163,5662.899348354118
Metal,8.138603,113595,2699.885484322395,5157.401992550029
Metal,4.8187504,117175,2803.0317875606393,5262.320151627755
Metal,3.1994307,134864,3047.5527888502347,5735.526029582366
Metal,-0.31166175,122759,2877.389183798178,5198.361708780452
Metal,2.325918,112129,2986.7188508507816,5817.87845762036
Metal,7.281493,118985,2743.48907620867,5129.67362193663
Metal,4.653945,105180,2657.012956530189,5327.344429741879
Metal,2.6753428,119442,2291.6490027396094,3885.993748640516
Metal,2.6865454,106968,2699.282252821042,5384.7829584179235
Metal,3.9912925,100944,2657.912854405967,5358.26197931772
Metal,3.9143953,126922,3046.5780317887993,5734.843228864559
Metal,4.441777,70872,2218.7437059827034,4780.212883827581
Metal,9.091694,87260,2575.097300633921,5056.588964617169
Metal,10.621688,84994,2410.7987272868686,4949.930496392836
Metal,1.8157183,83530,2384.552716223428,4583.907677457946
Metal,4.3490996,131298,2870.8186468286895,5186.229505782338
Metal,6.8342857,84961,2398.074361760819,4866.020949644721
Metal,3.551741,119189,2789.3767914768746,5346.3046399180685
Metal,0.34130564,108198,2954.9848088733656,5928.167427222303
Metal,9.03144,33912,1525.0429798194884,3500.311265135586
Metal,7.837525,82913,2566.8139525492043,5444.511367550029
Metal,2.827265,98144,2502.8708397269183,4762.784811847448
Metal,9.639956,66273,2030.3817155284796,4224.113333363544
Metal,-1.3023747,106554,2706.9849462177604,5291.114357507976
Metal,9.714797,107852,2836.907115108013,5615.203220163863
Metal,3.429173,106295,2685.529888139436,5331.0748531757545
Metal,2.437527,81886,2292.3824232586726,4819.981862220852
Metal,-0.8167632,98230,2690.6585796166046,5088.539042107744
Metal,4.741563,58458,2097.998518671556,4447.8388173397625
Metal,2.3771698,110403,2710.7947448605455,5083.209865773637
Metal,0.7260445,91019,2269.1280088995877,4186.459371827871
Metal,0.26275417,100673,2464.278689901676,4549.00989930757
Metal,-1.3557066,117471,2683.280386988599,4972.387978538283
Metal,1.1516212,113448,2759.977419555069,5259.455719348173
Metal,-2.0018423,95663,2390.2572245084216,4449.795624274942
Metal,8.129468,108479,2795.2233266422677,5455.028163971868
Metal,7.478166,118041,2908.2814309477026,5405.808224423579
Metal,7.7041764,117020,2889.1942920819233,5484.996454013196
Metal,8.47279,128565,2980.0103977749773,5461.84784431192
Metal,9.6906805,117588,2986.7473831169846,5628.326316886601
Metal,8.750423,151335,3400.9162889767745,6163.383947668938
Metal,8.72185,107486,2716.9886839505507,5123.137054089327
Metal,8.67576,114358,2906.766678996684,5519.011587333237
Metal,8.307237,129675,3113.6998168246023,5829.202957330336
Metal,8.731387,130426,3108.4878243057756,5699.221015806264
Metal,8.348102,118837,3010.9544455574965,5633.347400213892
Metal,8.090789,95221,2718.6091625354393,5228.721360208817
Metal,5.624566,94662,2459.4994227321536,5024.264179415603
Metal,5.8591986,99285,2442.4747845781903,4728.569834414879
Metal,3.104043,92426,2315.317248126811,4615.982657518852
Metal,2.3771698,110403,2710.7947448605455,5083.209865773637
Metal,0.7260445,91019,2269.1280088995877,4186.459371827871
Metal,0.26275417,100673,2464.278689901676,4549.00989930757
Metal,-1.3557066,117471,2683.280386988599,4972.387978538283
Metal,1.1516212,113448,2759.977419555069,5259.455719348173
Metal,-2.0018423,95663,2390.2572245084216,4449.795624274942
Metal,3.789272,79585,2254.453491483354,4381.340688895737
Metal,1.4057983,86603,2302.4995638302203,4598.871005383556
Metal,7.2317986,35624,1740.7228504749457,4109.344524905742
Metal,-5.331881,94659,2743.0559849236097,5626.1113779727375
Metal,2.5187302,101854,2807.79446083876,5673.874120867169
Metal,6.561274,77373,2339.71490773828,4707.994217662413
Metal,11.174457,80370,2642.0184262189214,5566.907559636021
Metal,-1.9542204,89460,2725.2945982809947,5496.820564004495
Metal,9.242997,58887,2068.355586698009,4439.170578958817
Metal,0.06429623,107657,2792.4885971477734,5321.340779527987
Metal,6.065813,105956,2740.9209907125605,5408.656003027118
Metal,11.535674,87307,2814.9780630970536,5897.208243456352
Metal,3.206193,95330,2710.5431632870277,5323.505757413718
Metal,5.7165203,95448,2847.5704575460013,5929.383145573521
Metal,6.7079797,80791,2137.9207709952907,4200.714918521607
Metal,2.8940415,93601,2378.3508419492055,4748.254479498985
Metal,5.7333074,81406,2340.6395422638134,4716.087904219838
Metal,8.423701,91782,2522.0650334557836,5088.713905706207
Metal,2.2297137,104512,2646.9497721611406,5304.662122969838
Metal,1.5458757,105374,2629.810643069209,5190.867554560615
Metal,10.740398,123731,3338.581900165852,6670.863090922274
Metal,3.3591766,61229,1988.223472858787,4148.006033842083
Metal,9.516934,30827,1443.3314125513107,3285.628727251305
Metal,5.3521585,56076,2141.4053031675107,4682.888801025957
Metal,0.32882467,79539,2323.4585461589636,5018.485353828306
Metal,0.697394,61805,2089.9710575936288,4392.698495957801
Metal,0.5909267,93848,2644.6969887497257,5176.728583599188
Metal,-1.3023747,106554,2706.9849462177604,5291.114357507976
Metal,7.761545,80326,2446.267670780378,5192.80770781975
Metal,6.6610413,84914,2493.501780690956,5104.8929519830335
Metal,7.7626853,57155,1983.7690774970563,4242.107630329177
Metal,3.5016341,76667,2241.0004179928255,4490.522189040748
Metal,5.906565,71540,2375.608157469717,4898.537252120795
Country,8.182081,71217,2797.844810465822,6221.176656087239
Country,8.9411955,84182,2938.155358204135,6279.551664914443
Country,2.4264069,49745,2308.6733650804686,5190.053453357941
Country,6.441211,67920,2174.0338689308455,4347.882042285459
Country,8.483516,82228,2966.0860947459514,6349.153274205447
Country,7.404345,91070,2926.2933111397465,6177.12900742877
Country,7.1674166,85944,2807.798623323479,6022.583194607163
Country,8.634448,74789,2898.717713090442,6399.852967631337
Country,9.457942,69506,2505.7118922142513,5479.959461738627
Country,9.214208,104219,3191.1974627895097,6926.704745822482
Country,-6.3760843,50739,1861.2904354497377,3769.08494281105
Country,-5.33366,73041,2839.2887217882185,6048.140509443881
Country,-2.0929701,42452,1667.439236105422,3439.542001250725
Country,-1.2664318,85825,2811.73987219857,6061.172010948376
Country,-0.15719067,82709,2952.856255223707,6570.291541292054
Country,-1.9416908,62447,1958.677389724351,4207.726116136166
Country,-7.906221,39905,1425.9164769253473,2880.7362284295245
Country,-1.71019,42340,1470.1888295787132,2967.6767442176624
Country,-1.4484324,63336,2068.686361980023,4098.40305974478
Country,-6.9455175,33768,1138.713246641952,2117.7230799557715
Country,0.41553155,57498,2407.1006349713375,5210.019282011311
Country,-3.9740891,30269,1044.0462117419274,1946.4400218423723
Country,-5.306639,45102,1719.3092365788868,3449.4009774688225
Country,-12.12357,23495,1494.6650899636236,3050.528782536978
Country,-5.8822746,54605,1738.8886737837881,3424.8617858178654
Country,-3.4972303,37951,1564.759947167845,3187.3720385912125
Country,0.17780101,36306,1269.4499677914682,2496.502614740429
Country,-1.5742148,64503,2011.6423244781854,3907.5935664696926
Country,-3.7088933,39653,1474.196472269433,2925.859363670969
Country,-1.8011371,35930,1214.048919472668,2273.9761954393853
Country,-6.6184783,28388,1240.5587507682244,2412.726297400667
Country,-0.6096077,63197,2053.22908865061,4094.5560605785963
Country,-3.7066052,44790,1823.0687937358653,4015.4927335593097
Country,-3.0050306,81942,2456.633122147884,4914.691317883556
Country,-2.917549,79067,2614.438372812534,5435.743207112819
Country,-0.2152658,69167,2321.8715325246903,4580.4187323267115
Country,-13.650725,56269,1827.5918660270834,3647.221668358469
Country,-2.5398362,56293,2068.5882784767914,4232.86484012471
Country,0.38212636,80303,2859.9756020658756,6246.1943517981435
Country,1.1986349,140750,3760.290663960851,7441.953272277407
Country,-0.36729872,70451,2449.9807307937476,5043.390926352233
Country,3.4644358,63530,2634.080774456828,5807.827964127755
Country,1.4122956,57703,2387.9167202300932,5391.769175518417
Country,0.14685705,88998,2530.388880021283,5070.036808022767
Country,1.2631111,44078,1729.6277598310405,3358.804979789008
Country,1.0152223,88131,2777.3828548885317,5622.414261890951
Country,-1.572107,76809,2109.2888337081827,3843.818314058875
Country,-4.458223,62356,1783.961051767401,3555.8512747426043
Country,-1.4033331,42394,1939.7642418435357,4127.871739504785
Country,-0.92520666,50225,1599.8152554101518,3006.271638449826
Country,1.360915,52339,1780.1519183147395,3874.7025562826275
Country,-5.082974,39302,1552.852535410727,3167.1211685216067
Country,-1.7151767,23504,1115.4542649777075,2347.310657899507
Country,1.5997517,71797,2271.8075701543466,4957.7743778096
Country,1.3471164,39883,1654.2022722845516,3907.510298089472
Country,3.910001,53774,1881.2994302088896,4111.484522277407
Country,2.3934941,36395,1468.4190609116015,3212.427494199536
Country,-1.5608753,50012,1741.7395076824605,3790.310052929234
Country,4.4020762,48582,1796.777145535793,4165.250915385731
Country,1.9922246,34817,1535.2795344590572,3509.912109375
Country,3.5339017,28444,1373.672817662343,3070.3882912195477
Country,0.41503924,32195,1397.8216063370944,3100.9311330843966
Country,2.0491095,67810,2166.471557095469,4793.6190930430685
Country,1.5345037,38604,1614.7481553933537,3659.845154799884
Country,-5.1099186,39795,1511.6510939715406,3236.808475928074
Country,-5.413611,25622,894.1632061211137,1638.8799326602377
Country,1.9360293,65569,1701.919072348953,3244.6273768307715
Country,-7.796189,23429,857.6385822973378,1443.7654641277552
Country,-2.8031025,33292,1130.954293248005,2216.8374329321346
Country,-0.96504354,40477,1327.6835009450767,2755.7670433947214
Country,2.0324857,62761,1934.7465391174644,4048.3754169083527
Country,-7.8056006,40095,1261.4725706259774,2422.2188927457946
Country,0.37178925,54524,1711.2823134696316,3556.4341534041473
Country,-1.4231763,46216,1549.0049755952064,3289.6505900159514
Country,-5.6496773,47147,1534.0256765890642,3117.751345888921
Country,4.674798,75351,2187.0867113514614,4840.857245142111
Country,-2.4970353,44067,1321.163087522188,2589.16366824971
Country,-0.22984745,58196,1512.9985603792006,2922.345438025667
Country,-5.778166,33088,1144.7179186044245,2223.115868800754
Country,-4.71426,30332,963.4905601645282,1754.4231370540892
Country,3.0816553,59199,2049.045781101912,4434.182802983613
Country,3.2234237,66981,2102.3281888392166,4418.120332439095
Country,2.9707868,70285,2253.352182532848,4799.4228991444315
Country,2.081661,39466,1436.0750491855931,2924.277264446781
Country,2.081779,61624,1964.8428801488071,4059.1420184708527
Country,3.212926,45913,1596.3075160275193,3291.4408601906903
Country,1.7267337,51867,1879.4005199035505,4031.4136478574537
Country,-2.8524978,49045,1591.292872476873,3162.8828079683876
Country,4.1114645,43772,1622.7363514869783,3526.9904541582077
Country,-0.48294896,34791,1321.5949691094013,2583.801184563515
Country,2.8527575,65613,1927.4143433799961,3883.4790435578598
Country,-3.2535176,42895,1563.3282750787007,3233.777506888051
Country,4.444322,80336,2335.0732890934605,4839.2751459179235
Country,-9.207871,45158,1537.649194401882,3055.325041237674
Country,4.780102,41762,1474.633907805747,3107.7175060723607
Country,1.8086064,44708,1557.6838950873705,3220.9208689820184
Country,6.278161,64588,1754.2791314825852,3505.0409091321058
Country,2.7862124,44547,1560.9704395228032,3175.1066061847446
Country,-0.19945127,40902,1425.0102958845073,2980.1253670606147
Country,4.9063654,71731,2157.4770613555174,4478.648118021317
Classical,-9.55985,65095,1505.1664239695372,2716.306158008266
Classical,-13.02226,58180,1360.6436715050704,2387.7291296584976
Classical,-7.192341,59684,1490.2753639425305,2785.2940110208815
Classical,-11.422203,72206,1526.6298823738111,2916.000387452871
Classical,-12.111874,74800,1705.5632594748913,3174.931742586282
Classical,-9.667223,49844,1431.0551928724476,2835.996127737094
Classical,-9.512058,48312,1372.6378004260011,2737.714458562935
Classical,-10.009192,48461,1358.8507735998005,2667.719058149652
Classical,-11.231949,52212,1516.83111776797,2974.121716846723
Classical,-12.6039095,37271,1216.1877859259905,2560.00308149652
Classical,-12.25624,57150,1497.3690865419846,2868.5790449173433
Classical,-13.917319,40290,950.2545384089235,1697.3842966031032
Classical,-13.97282,43735,1180.383444615393,2154.494396661108
Classical,-13.898697,53598,1387.961803226556,2598.38147794011
Classical,-14.183378,45365,1279.4349030215278,2388.986482199826
Classical,-18.324509,50178,1371.28085849806,2619.689856438515
Classical,-20.141,31586,1054.5457141605525,1947.0645346940255
Classical,-13.744212,53724,1358.547002173604,2416.89804324971
Classical,-14.548582,46838,1157.9167442283674,2181.9230011057134
Classical,-18.773155,38212,1185.2101390744244,2290.7714277298433
Classical,-11.066104,46255,1218.0647279249597,2294.5767927059164
Classical,-12.762124,52713,1371.0629154476965,2569.5706183838456
Classical,-10.032782,45364,1211.1697476044014,2236.9217662412993
Classical,-14.030697,29307,983.7246422989273,1852.7297867423144
Classical,-7.9382606,47470,1253.1021072415497,2292.7448883410675
Classical,-7.0629473,45268,1184.1325500713592,2139.2479562427493
Classical,-15.2641115,54172,1278.5133569479146,2233.1580354553366
Classical,-13.130359,35408,901.6906629096737,1456.3389895410382
Classical,-8.889746,53753,1314.282125387892,2398.554019087152
Classical,-12.228202,61095,1559.019163275448,2922.728472574681
Classical,-16.950115,42233,1243.3447339713143,2352.273453360644
Classical,-14.196038,26134,822.2358298355384,1433.5151265226218
Classical,-22.90556,24241,792.8812344356368,1207.4997620903423
Classical,-21.114754,36052,1128.2526115022185,2165.71897431482
Classical,-13.846855,48729,1369.4900886512178,2655.0622643561487
Classical,-11.862842,40502,1016.1838686474194,1823.8689661579176
Classical,-22.453348,39405,1282.2856388021637,2441.945172020012
Classical,-15.068761,62232,1533.6682304048495,2837.603207475348
Classical,-13.414519,50274,1279.2759794519593,2376.9875086100637
Classical,-18.71106,72219,1633.7200727741783,3161.7170506453017
Classical,-19.506495,48123,1396.5924291389088,2652.4143298651393
Classical,-19.70147,52241,1329.4383851552363,2462.312617821926
Classical,-6.5537667,62944,1326.2034398354226,2171.388118638905
Classical,-10.89465,33798,1063.0746815809432,1610.7352201457365
Classical,-20.714085,47534,1181.3400969829443,2032.7227174267691
Classical,-6.2825394,41487,1176.4774630291588,1903.2370042067307
Classical,-1.1168604,73934,1878.382005168527,3633.324175699681
Classical,-22.204554,43977,1173.8835906862394,2082.72537974913
Classical,-0.37601063,57935,1513.8706372364393,2766.775682237413
Classical,-2.2136831,72480,2224.870163945009,4467.431319387336
Classical,-17.864918,32804,1170.0280758805013,2360.084027425319
Classical,-2.815777,39810,1527.629815786948,3220.8471906443497
Classical,-8.22699,84101,2411.5866181146966,4993.538147114269
Classical,0.36656,58814,1462.3063000537138,2740.054859834559
Classical,0.8689085,77471,1702.2631838614686,2820.9643220248286
Classical,-25.610111,39329,1079.4087644137444,1764.4070158425175
Classical,1.3144312,64243,1681.22547321384,3078.2096015082466
Classical,-19.001427,63101,1751.1195628510188,3235.576103900812
Classical,-13.487391,54245,1137.9955297131805,1821.3126268851508
Classical,-8.529867,61801,1551.1980314673463,2840.958923198231
Classical,-7.939709,68955,1803.9121542515827,3367.006915240719
Classical,-10.211656,50422,1322.0704415985415,2473.6287906938805
Classical,-12.074298,49054,1474.6678518921715,2809.641685397332
Classical,-17.362879,23886,690.2008583146431,749.1406363290313
Classical,-20.023726,28025,1117.8503357890468,1872.7391785092807
Classical,-19.371674,31487,828.7510282027442,1013.6759534512761
Classical,-17.994883,29835,794.9550523902033,1007.680630075406
Classical,-17.426817,30735,1117.9923093935986,1993.04533425174
Classical,-10.391862,63064,1559.8689033036005,2813.322147803074
Classical,-12.1750555,52523,1349.2750136365898,2443.460656540023
Classical,-12.421293,46935,1355.5040220465617,2521.8245291654584
Classical,-10.087545,50284,1397.4372725407006,2616.0343745468385
Classical,-12.045688,42240,1285.145711575264,2476.5848181917054
Classical,-11.903652,47032,1211.6130429168547,2105.241149760731
Classical,-11.285703,47828,1360.1539234719019,2568.996066560325
Classical,-15.38975,40333,1171.4623081533855,2235.3146865030453
Classical,-7.398382,47556,1340.6423820206642,2522.5156567212875
Classical,-26.009455,32031,811.5604155421513,1235.761050337152
Classical,-26.643751,27357,715.3997068104183,1037.798803201131
Classical,-22.892534,34516,789.4212072363385,1158.0633247534802
Classical,-20.345083,20897,971.7773909688177,1906.5711213928364
Classical,-16.977806,40158,1213.971712394091,2163.887069949971
Classical,-20.031792,57906,1415.2612463169992,2489.7662027805973
Classical,-16.751097,33649,852.7957557019602,1401.0154777225928
Classical,-20.30123,38407,1001.7383298167861,1732.223786887326
Classical,-13.151634,60706,1525.7810336955595,2733.276253897187
Classical,-13.408699,50912,1356.1549279503427,2496.2028485716355
Classical,-19.19294,33834,876.9834292869904,1457.4131516458817
Classical,-15.007989,46786,1303.8905870850056,2350.141782827001
Classical,-11.470875,110441,2423.299494201249,4296.515189965197
Classical,-13.9122095,100712,2172.1382928954195,4066.4529822542054
Classical,-8.281655,100998,2192.6502901581057,4066.0116598390373
Classical,-9.667228,86809,1807.8898911540407,3073.0112451964906
Classical,-9.168996,71752,1623.8519279187194,2732.31034068663
Classical,-12.637987,46467,1423.4579191374964,2926.0259004314094
Classical,-16.004286,82418,1800.8886921601006,3427.2432614921695
Classical,-6.200469,77944,1933.6896020784636,3573.9621474405453
Classical,-9.976324,56945,1494.4198208263692,2781.813392727668
Classical,-11.623695,81768,1952.4955106143582,3779.826563859484
Classical,-11.969787,53487,1525.1238505471035,3325.680818137326
Disco,1.8064511,64206,2297.869205004395,4888.775343226358
Disco,5.375542,125793,3292.625966945947,6522.402264994959
Disco,3.1959488,101640,3592.1012577762776,8074.801288790603
Disco,9.030092,100022,3045.7695051132,6206.322905441811
Disco,0.075013794,112005,3328.4851237797516,7195.803613507831
Disco,6.9429326,96725,2722.7441876547605,5471.916924838362
Disco,5.551655,108450,2848.3484036039818,5506.7628086028135
Disco,3.7372978,92984,3098.981629103861,6098.076557062065
Disco,4.004895,109408,2801.6483406549696,5445.745412637125
Disco,-0.008794752,113119,3016.96214464188,5955.021479843387
Disco,8.265075,99591,2877.3249689743534,5865.000033987094
Disco,4.477078,86790,3132.8185749336876,6864.012425681554
Disco,5.362337,87344,2737.426247323321,5710.111999511719
Disco,4.6634803,105713,3391.3829790307273,7203.938934255365
Disco,5.1444597,103501,3087.3869048697566,6529.785515280331
Disco,4.343937,59813,2362.1999951747694,5439.015654455481
Disco,7.720296,76426,2520.400966509234,5334.7809469288795
Disco,-1.3574401,79989,2564.319118061095,5388.255249873115
Disco,2.6352913,95153,3042.884603420503,6836.725377483323
Disco,3.763196,68705,2117.530159147441,4198.499979607744
Disco,1.2782379,68426,2116.9272745970575,4349.140806264501
Disco,1.2718196,82220,3248.6133322702376,7422.285280869344
Disco,2.1603978,114582,3708.0462875354838,7808.592277225928
Disco,2.3079765,100076,3167.5676546703503,6730.141850801189
Disco,-0.47732818,79652,2624.5953730379574,5605.452492840052
Disco,-4.7917957,66068,2410.1827466667305,5080.48698974043
Disco,3.5450206,87232,3043.4814904722807,6612.491956387761
Disco,3.6545722,67017,2908.392060756294,6346.674306210121
Disco,5.8712263,131527,3715.2713510692956,7728.446461263776
Disco,0.71916753,91823,3074.942777552132,6847.691823158352
Disco,4.4190993,99894,3167.8337523397327,6935.373427530452
Disco,-0.27781752,115125,3256.7740354745392,6681.338253154002
Disco,-3.0400898,81706,2446.9190771478084,4958.057490302349
Disco,6.7293396,82506,2450.0500752194566,5023.239978338892
Disco,0.023285037,119836,3653.609029284893,7835.279793086572
Disco,1.8779149,116809,3623.3629168535454,7702.858088022042
Disco,6.043284,107394,3347.8844806862858,7056.886974786108
Disco,5.6794944,125925,3637.1944590427943,7770.913335176189
Disco,-1.0922234,111436,3353.2726037165066,7042.473218169954
Disco,2.6455054,67035,2327.861966296338,4866.437291545823
Disco,3.1609545,83833,2606.215651844842,5354.847975728683
Disco,2.4318755,35690,1776.08433338699,3874.0780434309745
Disco,2.264282,80611,2403.569442471179,4900.710556844548
Disco,6.2205386,89282,2874.940334521945,6020.004123767401
Disco,-0.09529407,72631,2329.9901338015047,4644.094062681264
Disco,2.479892,72707,2248.0037505884757,4609.537684889791
Disco,-0.26416785,75663,2259.5655416138134,4889.552593895011
Disco,-16.945808,57682,1710.8693138583703,3238.8901854335845
Disco,1.0633028,102289,2617.358915163895,4986.177222302784
Disco,3.932432,89646,2396.997938613417,4920.545085013051
Disco,5.28139,85309,2375.876794890427,5005.320622915458
Disco,2.0519645,104432,2650.631198195172,5370.785543702871
Disco,-1.7525795,112473,2590.650685872097,5060.527559001595
Disco,5.2981696,102163,3078.378082558208,6405.545051025957
Disco,-5.702522,75921,2565.316235691943,5519.286372987964
Disco,4.155481,73141,2107.895519705964,4397.486427820476
Disco,-1.3277532,50968,1754.627104884922,3814.915859284368
Disco,-2.4190893,61234,1937.5225305675283,4162.944381253626
Disco,1.841124,73514,2217.982601779682,4743.79129431917
Disco,0.99776936,72997,2279.9197396429095,4829.0664425029
Disco,2.5404284,61590,1974.340405198489,4249.643418739124
Disco,1.2926888,76745,2549.0149773560206,5582.811820258121
Disco,2.2123141,84563,2387.4656343313104,4919.620805992605
Disco,10.227979,66063,2583.5684973390025,5856.415063986369
Disco,1.0618834,43017,2144.753940827811,4947.707230640951
Disco,7.427446,48773,1886.6373150859442,4362.4554202617455
Disco,4.1901093,91813,2492.4893174259964,5113.935898074971
Disco,-1.3582239,94903,2541.8124069989076,5183.331766150667
Disco,0.871373,107743,2955.968199644237,6131.317294446056
Disco,1.5719278,55400,1931.082069357178,4516.1105622824825
Disco,2.5231733,89166,2449.233952295426,5184.480869797709
Disco,0.7841564,103281,2808.912510129241,6001.435274978248
Disco,-3.8537643,121958,2902.7590094113057,5469.941530869344
Disco,-0.9789863,116859,2847.3269665024227,5925.744317357889
Disco,1.7249557,100082,2648.735088173792,5545.965562010586
Disco,2.1574724,86068,2690.414589129393,5775.411583707946
Disco,-3.7506292,80738,2251.4537288846423,4556.7954928581785
Disco,4.449339,77909,2309.203495549848,4945.13423769214
Disco,-4.5927057,63679,2218.6638194730544,4881.525522041763
Disco,-0.8371403,66092,2292.2755481579,5038.344862510876
Disco,-5.962817,56157,2144.366952477485,4958.240680738834
Disco,-6.2705746,77137,2292.7138293538574,4741.3348771026685
Disco,4.7145433,91587,2577.110522619017,5419.888907518852
Disco,-1.2844411,59631,1959.0059614673164,4351.905316487819
Disco,-5.076541,100336,2455.0657634698086,4725.996841466067
Disco,-1.0362216,105185,3004.2729317540648,6576.261884153857
Disco,3.0156457,62596,1867.699334187277,3803.774550010876
Disco,1.0740483,66415,2139.6395387037146,4526.985412739269
Disco,2.4347837,87058,2238.58818835185,4384.313370069605
Disco,0.88643384,74087,2128.799104906264,4422.7583812173725
Disco,0.17386022,96833,2574.4543432000128,5458.450494398927
Disco,3.4936152,60724,2038.1503574198655,4205.70269449681
Disco,1.967662,77832,2457.2907483857775,5267.499444877465
Disco,1.6935526,90791,2460.6304129361993,5017.96908987094
Disco,1.5171123,61991,2207.386073293734,5074.017036597303
Disco,-1.294645,78189,2486.6760856755177,5007.335717716793
Disco,1.267864,89019,2481.4665125023575,4956.233912775522
Disco,0.80358654,79803,2825.8911954514483,6233.029620885296
Disco,0.6886463,74584,2417.7573626947355,5385.6156422201275
Disco,0.6886463,74584,2417.7573626947355,5385.6156422201275
HipHop,0.0055310847,97628,2667.940502391169,5475.312341393562
HipHop,7.0378013,64771,2808.8495665723053,5528.454221650232
HipHop,-1.7864027,38897,1490.1565469614682,3093.2787689421402
HipHop,7.170989,68583,2492.8602336717045,5125.560163953742
HipHop,2.9942276,66145,2372.0679525654414,5058.67067412268
HipHop,8.837183,82564,2709.3043323151933,5794.946345707656
HipHop,6.880253,84904,2858.0725271560427,6047.799109084976
HipHop,7.221788,52095,2046.59159663386,4551.99090731946
HipHop,-3.336393,117415,3070.761702482193,5754.427951892401
HipHop,6.6719394,65159,2200.0376855218474,4792.070301170968
HipHop,3.7490876,83115,2284.2433900965116,4662.771160364704
HipHop,4.1263337,62374,2095.4208239067048,4581.850948466502
HipHop,5.8456793,57831,1976.886423508229,4277.413423542634
HipHop,0.28858998,64031,1798.6451959001313,3626.6960126341355
HipHop,4.3056297,88689,2436.4138649263323,4774.6755365429235
HipHop,3.4414911,76964,2397.1856954878676,5283.603549612094
HipHop,2.4524813,73126,2432.409998203846,4918.629912267981
HipHop,6.1542916,53279,2145.0060165180594,4956.084029691126
HipHop,0.675396,96546,2677.0161578799484,5366.13084124855
HipHop,4.9561276,66366,2470.2744719993443,5255.592066505946
HipHop,2.0665898,71674,2678.321538899097,5267.23298606076
HipHop,6.856703,79342,2406.175123701828,4988.208970780162
HipHop,3.014777,49969,2025.565005791413,4603.375824753481
HipHop,5.154342,70676,2240.3022291408047,4728.4366050065255
HipHop,2.153221,92016,2517.9260002973833,4926.29060324826
HipHop,8.300284,71198,2305.42308965845,4815.335486604554
HipHop,2.7391932,115790,3460.3049822215926,7022.0219883350055
HipHop,-0.22520094,68203,2639.5729778074538,5632.832117771331
HipHop,3.9518719,75875,2773.9565665279183,5744.976990737384
HipHop,4.468074,77304,3127.0197356744848,6388.973803038991
HipHop,7.2743073,114424,3725.1985989619184,7642.4302244960845
HipHop,6.926464,90353,3084.76186419123,6778.925675430534
HipHop,3.5097868,52083,2145.7496112926738,4529.626124182413
HipHop,7.3130875,101846,2987.7222487370273,6169.834153395433
HipHop,8.958729,113220,3191.7829624873807,6355.339271282328
HipHop,5.0652924,69159,2827.1825932500647,6196.513335129311
HipHop,-5.111656,82493,2967.125657791614,5804.3809370561075
HipHop,-6.7228284,144928,3785.4039493748483,7074.162930575284
HipHop,2.7515032,65887,2208.645680679573,4416.655717329545
HipHop,0.76080245,75443,2693.20292794237,5976.54052734375
HipHop,-1.2806768,70020,2457.1937786717695,5319.679953835227
HipHop,3.8274407,80738,2702.621719517881,5555.272771661932
HipHop,6.624012,68782,2896.9424469472465,6007.1193070845175
HipHop,4.296367,41781,1846.294039564564,3875.152754350142
HipHop,-13.745475,95180,2507.1361007509568,4457.046786221591
HipHop,0.76080245,75443,2693.20292794237,5976.54052734375
HipHop,6.0909677,60612,2306.7846546384612,5000.366154292344
HipHop,6.605808,72400,3235.5740417629454,7337.767874945621
HipHop,6.353804,51413,2345.2702381605814,5395.266447487674
HipHop,9.857593,72071,3085.4703658967655,6683.478250525667
HipHop,7.467196,28119,1683.2948876609742,3618.0610816052786
HipHop,6.6451273,65927,2500.421635269264,5294.461746392836
HipHop,3.1293051,54567,2595.6215203861184,5858.521754005946
HipHop,3.441891,70990,3079.127910757477,7003.520269902842
HipHop,4.4599376,83630,3258.4154378242924,7619.914454484484
HipHop,2.2542086,48002,1734.6325446299302,3551.5213189711426
HipHop,6.372098,46494,2355.7292443702736,5177.136598662268
HipHop,8.083147,34082,1811.1898818692061,3890.190475003625
HipHop,1.584052,90222,2677.808848150028,5211.717956967807
HipHop,5.7118573,41734,1948.9375300178885,4218.975674303944
HipHop,4.708345,35705,1716.9407789906954,3684.7507273238107
HipHop,5.4850135,44641,1811.362843685168,3805.1901124746228
HipHop,-0.01381695,72612,2449.0569723690833,4930.062660872245
HipHop,-1.5916984,80997,2670.9590496633355,5320.258290585121
HipHop,3.9152012,52876,2429.6681661867096,5273.6529781757545
HipHop,3.0790992,58669,2446.855385943406,5314.862499546839
HipHop,1.9999919,52594,2244.6928416770315,4815.202257196201
HipHop,4.237638,84162,3053.718062123279,6668.173522241154
HipHop,5.9357014,63386,2544.7837861316216,5683.591540838892
HipHop,8.501778,80071,3297.406172657966,7077.346015806264
HipHop,8.849258,45864,2500.6052835487426,6027.781390479989
HipHop,5.8831763,71219,3184.9217868977203,7471.147166382686
HipHop,6.955975,34244,1821.5197612413365,4003.377184237239
HipHop,6.6002593,56755,2566.8514348864305,5932.039406902552
HipHop,6.926509,73370,2774.6105233551893,5968.152903404148
HipHop,2.0301673,97351,3140.810674260539,6336.698754259716
HipHop,0.2052326,64030,2327.6845787701927,4932.1693508918215
HipHop,3.6740928,91215,2987.6246315223584,6404.878903984194
HipHop,0.2052326,64030,2327.6845787701927,4932.1693508918215
HipHop,-0.25252452,114127,3211.823402843967,6310.344311919954
HipHop,2.2807539,102659,3377.753402234906,6893.997369398927
HipHop,0.6525012,34365,1470.3116285520296,3279.08383256598
HipHop,1.8335603,75133,2291.140721366169,4820.747931318881
HipHop,1.993264,73454,2367.6617218034994,5016.411971160818
HipHop,-6.723458,69647,2044.0534128740005,4074.0304048542635
HipHop,1.1867971,84307,2607.8277416961105,5534.641062300609
HipHop,-0.07095599,52927,2083.4322502978594,4479.430840795389
HipHop,1.6373082,58219,2473.157340416125,5509.635567720417
HipHop,2.3011725,99324,2694.8775197799505,5599.98176025957
HipHop,4.4195256,77899,2669.9796757485356,5526.430800010876
HipHop,3.5619211,69192,2272.772901637457,4964.435848227233
HipHop,3.2653012,91834,2628.9524146517033,5411.512108468677
HipHop,4.660678,48094,2329.9470606590817,5835.606295769287
HipHop,-0.8174758,100807,3185.47779595642,6278.377580753336
HipHop,3.173596,35897,1929.7340813658566,4412.291545823666
HipHop,3.4558637,104411,2735.7751414418676,5419.955522223027
HipHop,2.0731964,55092,1752.6267888161815,3490.710420896172
HipHop,3.207395,76900,2582.20395396858,5731.928835556844
HipHop,3.3827395,66772,2538.747388207359,5353.807120975928
HipHop,-3.0924926,67249,1962.680819465492,3797.7542461209396
Jazz,-9.515194,51961,1503.8694855583212,2799.2830988979117
Jazz,-11.90514,39308,1266.5828637839497,2410.8277783316416
Jazz,-13.058451,38344,1064.668667042078,1895.729578288138
Jazz,-7.2749853,29579,813.0633336735076,1416.5533574717228
Jazz,-6.9765735,31642,1039.2631062071569,1837.4583658098898
Jazz,-3.3239806,38371,1268.3253083918864,2486.6269848462875
Jazz,-4.2871113,31828,1219.493013442417,2416.148627827726
Jazz,-7.1301622,42962,1169.7404087068358,1958.1725366154292
Jazz,-1.0066822,30662,1304.588617653187,2723.9835026645883
Jazz,-6.2041306,21001,749.3539040730335,1133.5491136165892
Jazz,-6.605331,21911,829.4674018361063,1554.1710094620069
Jazz,-3.4452827,50950,1825.673656909468,4010.8713384570765
Jazz,-7.0558424,42205,1650.8523538026805,3658.429592336137
Jazz,-2.943816,40488,1789.9827260904644,4397.319891060035
Jazz,-17.435314,43026,1171.5565678358992,2018.525458599188
Jazz,-3.879586,48742,1782.2239999032217,3811.943178110499
Jazz,-8.13858,46293,1465.8574464982278,2822.406728085122
Jazz,-7.419669,55748,1934.1648175694993,4326.8581877175175
Jazz,-3.1882877,58144,1993.3527659883678,4248.1945489232885
Jazz,-5.2260528,36742,1352.8036058269497,2712.967095961427
Jazz,-10.924039,21843,1171.2244477003794,2579.629438714472
Jazz,-5.2996397,120208,2915.0177020585525,5864.933419282917
Jazz,-9.301766,33957,1451.871047146894,3047.5644282011312
Jazz,-1.7979747,53156,1988.6622724729357,4316.990884661398
Jazz,-3.8483436,61774,2034.4791911403092,4342.462682170823
Jazz,-5.6328506,42145,1697.83624497918,3805.639761727813
Jazz,-16.454325,38834,1367.327324534305,2631.2808149651974
Jazz,-5.8912907,41556,1769.392504975859,3966.3394087151974
Jazz,-8.651875,49645,1854.0264978659407,4031.2887452871228
Jazz,-9.00795,65846,2235.343538894181,4683.929655778712
Jazz,-13.373471,56098,1687.8695513922864,3354.658214454031
Jazz,-6.1584373,47956,1752.7591105362628,3734.0705889283645
Jazz,-11.085095,40665,1521.904428660079,3251.2721935723607
Jazz,-5.026534,28053,1169.1448171797708,2443.177544047274
Jazz,-0.061086338,52595,1759.486745071951,3574.1037036869197
Jazz,-5.166137,25006,844.084418057831,1608.4869738797854
Jazz,-6.6294217,65920,1481.568587058447,2657.35214481221
Jazz,-1.8821316,34133,1276.1951764985067,2467.2837401210845
Jazz,-3.6427567,44003,1554.6236144698594,3216.7741036470416
Jazz,-1.9844109,50690,1310.931347791607,2723.5671607634863
Jazz,-3.4391801,36346,1316.8535021237412,2778.407715976653
Jazz,-3.8647006,66651,1617.443035513935,3103.6123749274943
Jazz,-7.342986,40539,1344.2559589612654,2771.7628992350637
Jazz,-3.324676,56842,1761.3227471160715,3463.1069528531034
Jazz,-2.7767694,32921,1004.610954045196,1809.9631466611079
Jazz,-4.5767117,28248,937.421761556774,1763.0164338928364
Jazz,-5.0570216,38862,1295.1814266977444,2695.613965523492
Jazz,-5.009851,61980,1981.6622032084713,4261.342626160093
Jazz,-5.955595,52559,1748.4005518696763,3685.4418548796402
Jazz,-6.8713384,42914,2049.640520145851,4562.174630220417
Jazz,7.5891223,54479,2485.940907807433,5797.386911374713
Jazz,-5.026777,28121,1193.2662134636287,2479.1744648165604
Jazz,4.9682336,51511,2289.574755840761,5243.624608174001
Jazz,0.01943951,52711,1804.5907529650076,3646.3640040421983
Jazz,2.005121,42981,1670.233116562232,3464.0417272930354
Jazz,-5.163836,25040,871.4359865873053,1631.9769839399653
Jazz,6.26857,76445,2976.3467583667048,6860.793231670673
Jazz,-8.1008415,41019,1378.5242743547162,2584.9086540204466
Jazz,-6.521164,65984,1545.494758082446,2721.4188365537993
Jazz,2.648602,25579,1391.4736421751793,2913.813022866289
Jazz,-1.7321392,34737,1427.4008895726513,2728.9046639356147
Jazz,7.5545287,62936,2454.9053024959994,5469.10307643419
Jazz,-3.3449173,44747,1725.4169334350547,3504.4330499564967
Jazz,4.790534,66199,2481.389015092891,5553.607345721043
Jazz,5.6013613,36997,1574.6463671829852,3338.7955880220416
Jazz,-1.9818361,50694,1337.4754415369625,2754.218251522622
Jazz,-0.15685977,59037,1579.4904385281918,2967.528042471482
Jazz,-3.445312,36402,1353.6838211633806,2829.7093650304523
Jazz,-7.332245,40551,1381.9736111236975,2830.4671072904584
Jazz,-2.914266,58036,2011.4676640409414,3914.221729535238
Jazz,-2.6009989,33167,1116.2165448685432,1954.125693336717
Jazz,-4.5564904,28214,970.8828229986416,1794.2837106656032
Jazz,-5.055599,38918,1336.1537045530652,2751.820122172274
Jazz,0.010820484,85943,2967.7774637881503,6414.554689765806
Jazz,-3.4435635,63303,2415.0343920865366,5135.902096777118
Jazz,-1.0799011,83822,2902.086088336836,6196.62468505293
Jazz,-4.6930566,45534,1733.471675696404,3379.5887674920245
Jazz,-0.997588,86735,2777.8587057732875,5813.731692285382
Jazz,-4.1211348,63553,2503.275005368403,5155.661683403422
Jazz,0.3159128,71469,2634.0430299917653,5561.653324844113
Jazz,0.49128973,93024,3029.3823831428363,6201.978841901102
Jazz,-2.88516,66361,3026.6071391311207,7277.081879440981
Jazz,-3.3349817,136934,3905.044386155029,8036.839234248115
Jazz,-1.0028462,99178,3392.9469943300037,7233.074540494489
Jazz,-2.887972,78398,2875.0816780868668,6139.161175862819
Jazz,-3.4572997,97786,2860.5718590849415,5605.169380347303
Jazz,-5.226629,173394,4135.664563787816,8257.12573412123
Jazz,-6.8549047,28391,1846.4665678239705,4330.014059327871
Jazz,-2.018697,45745,2427.985227066133,5925.810932062065
Jazz,-7.2951713,41584,1787.4214085347667,3904.471002211427
Jazz,-5.923062,35882,1875.0101213777216,4292.060331623405
Jazz,-10.8886795,100417,2959.1430079205684,6065.526947233904
Jazz,-7.7328353,50066,2215.1958084364232,5026.595694061775
Jazz,-5.594326,54171,2152.894239308219,5015.995629259716
Jazz,-12.085818,27502,1077.231527758896,2111.5612198194603
Jazz,-3.927197,41981,1854.556905314615,4282.076452834976
Jazz,-6.713313,51488,1873.8333017207992,4008.6314190291473
Jazz,-14.677615,26449,1176.1814458173892,2343.555253951566
Jazz,-3.4493113,38529,1885.601098866578,4357.067956061485
Jazz,-8.216013,30610,1492.234676256941,3375.924958762326
Reggae,-1.0078939,64827,2133.2003820783343,4801.329745051479
Reggae,-4.0101757,42405,1638.9074391417607,3574.7865044047276
Reggae,-2.0844593,49777,1796.8382988303633,3924.821794337297
Reggae,-1.2924143,56245,1923.3414635379286,4153.301902824101
Reggae,-1.8365494,55963,2009.5859921719066,4304.667164388776
Reggae,-1.0802331,48375,1798.364254543586,3796.272068953016
Reggae,-1.0425975,40314,1417.8371180079043,2880.253271824246
Reggae,-2.1128783,48954,1754.053045973853,3768.876771860499
Reggae,-0.70941556,46003,1691.2049386237773,3655.798311521172
Reggae,-2.7867243,40137,1609.7020525109226,3269.7078129531615
Reggae,-11.464411,68085,2149.049179492621,4426.1807116444315
Reggae,-1.3895864,46562,1995.1642434287544,4557.786386582801
Reggae,-3.305148,75365,2300.0433924991617,4920.811543829756
Reggae,-1.7013545,46859,1608.5610274912588,3436.6775689711426
Reggae,-0.22550021,42477,1716.249593551714,3790.9012584287993
Reggae,2.0205476,45181,1923.059128288561,4491.971058856583
Reggae,5.9299016,52513,2118.7683462374644,4853.314194823086
Reggae,1.3388578,51654,1803.7743780442327,3777.9696789805685
Reggae,0.41610017,51305,1907.5162410949943,4220.574427204177
Reggae,2.8770118,47238,1753.9362398405503,3840.287734737529
Reggae,1.9718802,37605,1637.7409720018807,3594.9291255800463
Reggae,3.1856163,61508,2006.8930962076415,4323.510798832656
Reggae,6.1198745,47901,2058.8216214305553,4552.781956931554
Reggae,1.6107366,79704,2354.7803333854904,5050.143991988109
Reggae,-0.6218201,47811,1811.2349342438183,3854.0103637978536
Reggae,0.17499031,48883,1708.9236968335272,3582.7219810397332
Reggae,1.2806062,49402,1840.8734875865964,4007.299124945621
Reggae,-1.5045072,57869,2086.325810192422,4678.4422695221865
Reggae,-1.6557944,44930,1640.702890671372,3497.280296095563
Reggae,2.0868962,28922,1585.0377717186575,3734.3037403929816
Reggae,0.6178534,46715,1814.0413745530234,4068.8344579285094
Reggae,1.5555986,38895,1579.8064471159312,3541.987089435905
Reggae,-2.364159,43633,1510.6867183689135,3318.9194256634282
Reggae,-1.8490697,39168,1615.9375128457352,3560.7724360136312
Reggae,0.0019743731,29556,1291.3256533234212,2826.819952236804
Reggae,-2.120945,40596,1699.0408901101935,3785.5471015806265
Reggae,-1.4872745,39232,1810.9528625566486,4118.229261075261
Reggae,0.39398822,41912,1709.7580115535982,3838.08944949971
Reggae,-5.4507227,43418,1700.9060671086115,3693.568848789153
Reggae,1.4750565,17183,1312.255386924923,2646.835348390371
Reggae,-20.917355,66965,2032.3811629087336,3838.9554406540024
Reggae,2.514913,39091,1930.2323260584533,4120.144433820331
Reggae,-3.004548,69984,2479.6656661783977,5046.729988399072
Reggae,-0.88892597,50359,1484.715975682295,2775.1352686339906
Reggae,4.7059183,58041,2455.3491789435293,5584.343958454177
Reggae,0.17736572,148278,4282.077748119587,7925.52606356946
Reggae,-1.7752159,53650,2322.1698475078733,5227.513968695621
Reggae,-3.0048866,76168,2477.7986525615497,4759.479057152697
Reggae,3.815529,73657,2672.85191269513,5607.942217408643
Reggae,0.8451123,53453,2322.0631709816244,5450.165290566995
Reggae,1.497175,84145,2954.8185788567075,5869.1134919699825
Reggae,0.22513022,181905,4273.650128634408,7673.056334741154
Reggae,6.592914,88854,3289.023545845818,7286.557821110064
Reggae,-3.152638,59463,2003.6725747242701,4157.357072940836
Reggae,-0.06611997,67297,2542.6153583405116,5477.87700750435
Reggae,3.457996,54460,2525.3329292989506,5594.935696418213
Reggae,0.15568522,55096,2173.790199981531,4658.666029219838
Reggae,0.43816352,52221,2169.0749851424653,4771.7111822070765
Reggae,-2.270913,74181,2630.978528430863,5697.755492314385
Reggae,0.7852829,77755,2671.459793472698,5699.270976834397
Reggae,-14.490339,78521,2395.488968974987,4791.603998241734
Reggae,2.0925648,88493,3123.746872746035,6474.76605550319
Reggae,-2.1860192,40300,2112.4228500725676,4783.210545515516
Reggae,-0.7405366,55212,1910.70451656415,3940.1681568119197
Reggae,6.035904,66838,3094.3909521437877,6974.84263975493
Reggae,7.7994957,54883,2081.122071364067,4365.852770174739
Reggae,3.4085827,44450,1628.9791058659616,3258.1668154546114
Reggae,4.087643,40055,1728.2543051766754,3517.897547038138
Reggae,0.5009449,51617,2104.4628968567395,4379.8585117278135
Reggae,2.9263575,53254,2460.2803864725665,5285.968371610354
Reggae,0.23781857,40412,2288.3676811914866,5005.278988725348
Reggae,2.7593331,80574,3110.220722839697,6393.354560161688
Reggae,-1.6578032,90285,3089.6371845235235,6574.771380147912
Reggae,8.177347,33799,2152.02969643979,5070.652994036398
Reggae,8.175559,33786,2148.196262118475,5063.283742386891
Reggae,2.9592376,89457,2481.3804941498192,4847.177315200841
Reggae,4.6333113,58481,2456.1378121301186,5054.224142618909
Reggae,2.7617233,40337,1777.8395856871614,3821.1776414769433
Reggae,1.6312846,62109,2316.624696854046,4679.324914352524
Reggae,-4.042765,123480,3002.494625958869,5292.746417760296
Reggae,6.3821483,62481,2539.12100915184,5260.771359755656
Reggae,5.602134,65834,2566.692787337276,5313.538532301334
Reggae,5.602134,65834,2566.692787337276,5313.538532301334
Reggae,-6.861255,47188,1366.30603509098,2562.7176306917054
Reggae,0.6034716,50339,1787.7487857416345,3818.179979789008
Reggae,-1.6930072,65821,1796.8287818453114,3439.308849786108
Reggae,7.024715,172318,4435.243900599968,7625.376860226943
Reggae,-1.2111719,80735,3296.900340202879,6910.651045443011
Reggae,-2.161308,125352,3881.1260227531525,8249.731501957656
Reggae,1.9280111,25208,1052.2093289413267,2055.438331550899
Reggae,2.4931417,86577,2868.2336817872942,5796.886498966793
Reggae,-1.526789,82052,2313.837204027342,4559.143661180395
Reggae,0.29147202,79492,2170.5445047828625,4306.240936774942
Reggae,0.15774989,59147,2108.8990772454226,4604.591543104699
Reggae,1.3477564,63362,2022.4768503475636,3834.300738199681
Reggae,2.8069944,68357,2617.0246825399286,5718.972275594548
Reggae,2.7442136,52786,1629.7999503085323,3183.466751558875
Reggae,-4.9370584,62276,2006.8922114716922,4136.972973462877
Reggae,4.0560226,42974,2026.298986070191,4462.743857399217
Reggae,3.5003393,92508,2467.092359992306,4723.482136383411
Blues,2.745934347265743,55031,1784.165849658425,3805.8396058403423
Blues,-0.12345723691053292,37139,1530.1766789022304,3550.53042524652
Blues,2.2298711196424374,50563,1552.8118647588715,3042.2685592191124
Blues,0.49034703765594617,22077,1070.1066148926257,2184.7457991951856
Blues,-9.47848445456523,67225,1835.0042655408356,3579.757626703886
Blues,-8.041634544593848,62326,1831.9939392592566,3481.5092648818154
Blues,-7.950161824678197,48429,1459.3664716723838,2795.610963330191
Blues,-5.074956613729325,40730,1451.6670660655798,2954.836759987674
Blues,3.0097281765738466,42434,1719.3689480528526,3782.316288428074
Blues,-6.37171918864203,52453,1817.1508634071395,3943.4739115066704
Blues,-4.162006319060838,41720,1409.955255722218,2765.9008052675463
Blues,-8.056023698576803,29108,1352.6596653653987,2880.7861894576567
Blues,-2.055266039524719,45788,1360.6411973942422,2738.6387375833815
Blues,-0.9764157815212134,34066,1324.2932181071342,2710.269200442285
Blues,-4.4152576819133875,29848,1171.8482268997482,2344.2463815073957
Blues,-3.7447777563798454,42213,1420.3651651999687,2929.956167977813
Blues,-2.6214057960354875,40656,1454.9639408081587,3009.46914425029
Blues,-1.1188763593312803,32026,1088.8442297654449,2134.9929420134863
Blues,-3.465722592678637,37201,1537.5876987170666,3495.51500643489
Blues,-2.889884999518119,39028,1195.470375746757,2235.264725474913
Blues,-2.9051315911120454,34864,1390.3015574463552,3006.1717163935614
Blues,-1.1305039062283353,31735,1046.5500105471574,1830.330592463022
Blues,-0.048593308725564735,38799,1155.781220543101,2169.024729009571
Blues,-3.2262231537769734,34769,1209.9878630674546,2521.741260785238
Blues,-2.935616314818171,31324,1120.0194667135108,2323.8289746773494
Blues,-1.0728661938445334,34256,1109.3527841896428,2243.3500851943154
Blues,-4.533086941001352,34437,1198.4590844323272,2477.2842725855567
Blues,-4.238325234924227,48021,1391.8419522194085,2811.698414388776
Blues,-3.4233134662386875,31834,1115.728202163298,2290.6381983214906
Blues,-8.12586925769298,35041,1648.8351698561016,3759.875459958672
Blues,-7.170136469295775,26086,1379.1893817276189,3016.513649216937
Blues,-9.043532708297692,28462,1330.7156172055338,2898.7888132613107
Blues,-10.979304074204391,26105,1309.3824080382929,2763.1862560723607
Blues,-9.928384807304969,27822,1430.4924328337381,3245.47671430902
Blues,-7.910972084922218,30294,1537.0980204251682,3602.423279799884
Blues,-5.9250523981851595,30102,1506.872875796985,3404.1945738471577
Blues,-9.034183822515313,24463,1247.3550293842347,2620.1894667198376
Blues,-13.551570459894002,31931,1188.3081418415643,2339.3002397223026
Blues,-6.808624812942753,29406,1514.1006733315785,3451.907355713457
Blues,-14.831925166732647,23405,1151.0089927912018,2311.438639700551
Blues,3.1154634845934024,64746,2272.439547361142,5108.215360353828
Blues,3.576509223325774,67762,2390.3900997998344,5403.443402425319
Blues,2.051392795437543,64828,2301.6096664763477,5187.578453541908
Blues,2.9391572305821336,57781,2155.8796285789153,5011.565751431989
Blues,4.038056384195764,61299,2278.9612514329924,5198.586533407048
Blues,2.5906849679048802,31847,1739.134033153775,4551.158223517256
Blues,0.4888329366392841,38757,1913.0115998637782,4777.823081315255
Blues,-0.3137824485645686,49912,2013.0116654522371,4848.834355967228
Blues,3.0045523357752324,65443,2148.197609690867,4672.197141005656
Blues,-4.250065867055724,26478,1318.1914650759177,3044.8665326819896
Blues,6.171348089165996,56862,1945.5331078433185,4174.601954484484
Blues,6.3919652921675105,70638,1977.2342505763136,3943.4489309926043
Blues,-0.7922113663249587,44525,1443.8101060876954,3070.721364740429
Blues,4.214615545027749,88051,2171.4458625987186,4237.319698466502
Blues,7.53464473140926,68534,2030.6571855059565,4063.3803790240718
Blues,4.043847404695521,74950,2032.0018594909297,4023.5697664406903
Blues,2.1357790671757466,50056,1811.7712546541275,3928.8186765878772
Blues,4.863384505718553,59631,1886.9548085860179,3828.2887611477668
Blues,2.6793247010072854,69149,2068.3584756113987,4231.765697505801
Blues,4.688365617396506,94244,2235.589429185586,4389.442702291183
Blues,6.861701586871507,64561,1946.331079436527,3955.522846124565
Blues,3.5510689232796033,111010,2503.9454883304625,5077.381079158207
Blues,-3.8767373250004904,77660,2280.276472256593,4733.132941650957
Blues,-5.089976880791867,102352,2840.0607610123725,5711.8278485716355
Blues,-1.636108081249826,97305,2553.361182905125,5148.3757001341355
Blues,-5.126753038089114,96947,2816.2257384827917,5613.6377746157195
Blues,-0.10098497473803654,80722,2340.8024652717845,4972.962530361804
Blues,-0.7667334160328855,74676,2258.0093136902174,4754.5995300717805
Blues,-2.0156954041163866,89534,2513.3130173546674,5246.740637688515
Blues,-6.15649339911578,82922,2371.4805440003,5005.229027697216
Blues,-3.2349173681898797,65185,2159.392000234664,4684.529188116299
Blues,-0.11510048465530012,89234,2428.9287671408606,5064.924129477233
Blues,-4.984933102781237,85596,2595.0823247337057,5660.126511292779
Blues,6.898392120271183,66631,2094.7700986726195,4482.420175645301
Blues,5.474934140547684,80125,2515.462486756044,5770.923418014067
Blues,5.785040294463783,71882,2224.110737475797,4700.23360462587
Blues,6.271659859904193,90452,2645.785683230916,5612.796763975493
Blues,6.624225949308818,73922,2207.2191647221,4658.357936213022
Blues,7.255344164721505,82053,2333.510453689281,4942.594552095417
Blues,8.300250716629685,82625,2442.871409654498,5267.690962151973
Blues,4.564466164976447,62331,1827.2085000853453,3743.563184273492
Blues,3.8670508715541643,84360,2116.917658791383,4195.660527842228
Blues,4.790093904776441,69668,2141.5181820819453,4628.622797636311
Blues,8.431347904262806,78166,2314.9277619853183,5036.4546702798725
Blues,6.450834392478429,75124,2060.750290399495,4220.074816922854
Blues,1.2417133721449731,39356,1311.8487998824944,2636.843142763921
Blues,0.30689560098510715,32353,1245.7300960427367,2518.219008301914
Blues,1.0730125042853953,33715,1441.899257194549,3082.8036067104117
Blues,1.6643667862102187,21244,1006.6456939796972,2074.4401759171983
Blues,-7.432023800535517,17002,798.4511726153562,1454.4238167959686
Blues,2.271780030244367,38548,1612.5149452910766,3468.3278802929235
Blues,-0.2034973116646965,23893,991.3935128195499,1943.4007259643272
Blues,-4.435904914698517,21413,918.5851686710452,1600.3266726181844
Blues,-4.307060603021784,14379,570.0403545305309,927.6597166835846
Blues,0.5105161176793869,33707,1239.1955798345095,2517.261421929379
Blues,4.298516870869288,37877,1388.6351569564602,2754.851091212297
Blues,-11.36668309022023,32004,1132.1359576087468,2064.972561086137
Blues,4.208766894954061,29563,1236.2307723714878,2603.344273401247
Blues,2.838292486227566,85118,2310.49824037726,4829.316247643562
Blues,-3.378035436778826,49539,1538.3944967385437,3174.215634516386
Pop,3.256459852631551,83949,3421.8877383431177,7952.938014338022
Pop,5.659882731014966,98964,3702.105111243652,8072.977711263776
Pop,7.989004161246588,78769,3214.0868401163557,7424.433605079032
Pop,3.4339972297281838,56546,1836.9566904429323,3670.803273636891
Pop,7.410959471681404,81962,2753.1207911779757,5986.68011800319
Pop,-1.0126789118037685,70712,2289.850781821553,4747.113702689965
Pop,2.0272820122005575,44845,2125.085387693448,4977.767115900522
Pop,-3.729754399894848,54538,1967.765607015237,4125.7567226471865
Pop,6.870728823106529,80327,2884.567958249356,6428.84354381163
Pop,4.9095204376535,114448,3279.4715039368148,6952.468425989704
Pop,6.572572806253514,43830,1900.2750336212928,4189.55695557207
Pop,-16.29792642174734,57691,2199.9868019685805,4625.27540875145
Pop,3.8569657814865526,83413,2679.20257830522,5533.550246519721
Pop,6.207557130778814,34213,2149.843553305595,5223.6586426914155
Pop,1.1454294593078238,58320,1997.7080512847117,4138.688302095417
Pop,6.303610044655102,93841,3207.60813806015,7020.357136383411
Pop,0.561909122705738,101588,3488.7879374514723,7496.36915875145
Pop,3.6211834584622413,83615,2789.4864772598858,6113.356304832511
Pop,7.351895156896064,84576,3433.855740056476,7932.545588022042
Pop,2.639982275154615,103348,3131.3463858152077,6553.537943191705
Pop,6.9530850761782474,119008,3486.337770759254,7442.336306826421
Pop,5.913597334434962,123821,3501.7137290054193,7199.650612674014
Pop,6.3113883352176305,93810,3206.7389427968083,7019.990755510441
Pop,5.169964190679605,117660,3758.6474525942094,7853.7154124673725
Pop,5.3577440836787025,95684,3300.935073659491,7301.3213049231435
Pop,2.380979484677839,70016,2927.7783289953745,6814.675910400957
Pop,2.6465634687654016,68571,2525.419446739346,5552.776915512616
Pop,3.5376165051342556,67487,2682.2513868647984,5955.920778349768
Pop,5.996478575851849,80300,2945.855894287773,6654.301010096433
Pop,7.91630341416953,73881,2988.388516507061,6919.086132359339
Pop,3.44605484821177,98516,3070.6080378870274,6653.018677041038
Pop,3.255717174336131,101286,3110.86595840802,6744.905334614269
Pop,-0.6511898332475491,151492,4225.533439481144,8483.474172074391
Pop,1.4713148120333548,90785,2835.1038148524094,5944.9793131888055
Pop,2.8563085738650105,86782,3141.4551047222285,7236.921539660673
Pop,8.177264752304895,105560,3193.94123375643,6993.078415023202
Pop,8.691351544976293,76229,2944.2615330796034,6877.94322569243
Pop,7.7742752430526,109215,3238.2154713349287,6701.347644920968
Pop,5.68278978073932,97078,3267.5519201316583,6921.042939294519
Pop,8.900116806103965,123980,3934.518523644428,8525.333186811195
Pop,4.962026844333937,63458,1962.036801136581,3820.419899216937
Pop,-6.133916245914066,49910,2053.1429492718576,4505.077501903277
Pop,7.064152593029881,95230,3001.4285080256127,6442.857612202726
Pop,9.568406390862869,68411,2702.893001847981,5775.478198412123
Pop,4.711592922718047,89871,3145.644794413794,6691.954971632105
Pop,3.712447856406955,82805,2843.342553629715,6480.969549829611
Pop,3.7321533141799637,80936,2838.476111845629,6486.9398926914155
Pop,6.361234851283536,84410,3151.614023406546,7293.827150703306
Pop,5.648056795662698,139533,4052.637359061055,8382.927602958236
Pop,-0.8507113229132803,43799,1988.1373576006426,4267.004876015081
Pop,5.847736525546982,78604,3046.6278671505743,6630.894268416473
Pop,6.854240320333752,152491,4157.906085898698,8677.672688424449
Pop,8.085667408616214,103394,3663.4154358195083,7777.583132431844
Pop,-19.05609620138447,70828,2638.57012740193,5624.096283171404
Pop,5.387184192128183,90111,3497.6023152198836,7661.881718115575
Pop,1.754257654150571,111009,3941.262858184962,8260.381527787848
Pop,4.522958685975581,96430,3682.3862053415805,7567.905024198811
Pop,8.133000068937145,102082,3672.8155299166283,7783.853241462442
Pop,-2.6964285347888506,96546,2938.9859251130674,5748.532550572796
Pop,4.5050704066976115,95888,3729.1849924900735,7635.15256806482
Pop,5.387184192128183,90111,3497.6023152198836,7661.881718115575
Pop,4.788552978382755,74231,2949.610493340507,6068.40803318953
Pop,8.200358987623252,65036,2467.9123771635122,5480.383385748985
Pop,0.364333703236092,49444,1826.4753411189013,3796.022263812355
Pop,-6.060935152618286,136406,3647.7526459581154,7113.684336934455
Pop,-1.4478773680589736,66376,2519.2288395149094,5497.686555158788
Pop,9.219056709602997,66091,2844.8785790185307,6840.997045388631
Pop,3.2787464179569525,126504,3888.8598065695437,8054.4838040168215
Pop,1.1638377054988838,102773,3263.009072458591,6715.669806318881
Pop,8.507260407754282,63225,2327.245000186822,4929.596357943011
Pop,-1.3328490007184588,90369,3141.6733245858177,6824.593174485209
Pop,3.2787464179569525,126504,3888.8598065695437,8054.4838040168215
Pop,4.418578364172675,87194,2568.3949375460734,5349.81856556337
Pop,7.2092328047969225,107185,3669.70922078474,7876.25616299304
Pop,0.48245579406809097,86722,3420.3406026315834,7790.523038718097
Pop,4.900123562517267,105414,3644.6944663591103,7658.159621519721
Pop,9.297673498653353,94564,3543.2124131541714,7779.906320239994
Pop,6.000361641287397,141724,4036.553103168089,8330.959806862675
Pop,4.353196057966799,94528,3123.151410422542,6616.3056482018565
Pop,-8.81831096720492,48055,1994.8445930486582,4382.423177838602
Pop,6.35915158287766,84514,3151.2673073931246,7294.285126794519
Pop,-2.7445646662551497,56949,2246.1650466701017,5154.087911017256
Pop,7.4192128460840925,66497,3168.8913468718456,7555.814455390806
Pop,5.151210725980808,55825,2489.37496299613,5976.521375616299
Pop,-0.6977205168623739,90049,3263.225400957844,6829.997292361514
Pop,2.970467514225947,80839,2516.4093698806873,5087.656397277407
Pop,2.2003352085161074,122656,3593.788286059809,7634.711245649652
Pop,4.186411858003186,97049,3588.1331486527347,7948.008526228973
Pop,4.365531876422273,113913,3510.3316862125134,7255.46540793576
Pop,3.9192544098071083,109729,3399.9467157968547,7052.190638141677
Pop,4.1913345367984824,97740,3603.717672334585,7959.674426297854
Pop,5.493393558905057,110458,3694.8948640421313,7867.846056590777
Pop,6.95292404835831,96249,3270.08342933592,6880.6744285636605
Pop,6.204573781682984,87215,3259.3901584652904,7269.504456840922
Pop,5.150846611553865,85162,2806.8202835027237,6103.572270156613
Pop,6.674002805544542,70515,3047.544893879331,7386.163457529728
Pop,7.017567734488844,69778,3126.642118238388,6932.034365483613
Pop,1.7044910563726692,90878,3508.7865370811546,7585.124925228393
Pop,5.45994545963556,121251,3633.050972276584,7532.29946481656
Pop,2.273470069049524,63588,2765.2497467795406,6871.531560415458
